id,message,score
1,You're my favorite notification.,82
2,You're absolutely radiant,84
3,This convo is lowkey a good vibe.,23
4,Can you send me the report by tonight?,8
5,I'm completely smitten with you ğŸ’•,96
6,"Thanks for the tea, spill it all! â˜•",18
7,You look incredible today,73
8,Did you get my email?,2
9,You're my favorite notification.,90
10,"I'm not gonna lie, you're pretty cool. ğŸ˜‰",49
11,You have a great sense of humor,35
12,You make my heart skip a beat,96
13,Can we work on the project together?,9
14,I can't get you out of my mind,92
15,"I hope this isn't a situationship, because I want you all to myself.",91
16,You look stunning as always,75
17,Can you help me with this task?,14
18,You looked stunning last night âœ¨,94
19,I'm completely smitten with you ğŸ’•,93
20,You looked like a whole snack today.,70
21,"Stop making me blush, you're too cute.",78
22,We have so much in common,41
23,I love your positive energy,24
24,I'm so glad we're talking. âœ¨,49
25,That dress suits you so well,87
26,You look amazing in that dress,89
27,Can you send me the report by tonight?,3
28,I love your positive energy,40
29,What's the status on that assignment?,15
30,You looked like a whole snack today.,65
31,I'm completely smitten with you ğŸ’•,91
32,"My life has been a blur, but with you, it's on God.",100
33,This convo is lowkey a good vibe.,19
34,Your energy is a total W. âœ¨,24
35,"You're my biggest W, for real.",93
36,You looked stunning last night âœ¨,95
37,You're really talented,17
38,Lowkey glad we're on the same team.,33
39,I'm so glad I slid into your DMs. ğŸ˜‰,84
40,That color looks amazing on you,81
41,"My hands are full, can I borrow your mouth? Just kidding. Unless...?",91
42,What's your favorite movie?,33
43,We should do this more often,65
44,You're such a good friend,39
45,I love your positive energy,34
46,That color looks amazing on you,85
47,You brighten up the room,42
48,"Thanks for the tea, spill it all! â˜•",24
49,"Hey, how are you doing?",24
50,Looking at you makes my day better,77
51,I'm so glad we're talking. âœ¨,61
52,I'm so glad we're talking. âœ¨,53
53,Lowkey glad we're on the same team.,25
54,Don't forget about tomorrow's meeting,6
55,"On God, you're a good person.",17
56,You're absolutely divine,95
57,You're giving main character energy.,45
58,You're my dream come true,97
59,I need the files by Friday,11
60,You have such pretty hair,85
61,Haha that was funny ğŸ˜‚,40
62,"You have so much rizz, it's not fair.",84
63,You have a great sense of humor,33
64,You're very insightful,33
65,Did you get my email?,7
66,Thanks for being so helpful,27
67,I keep thinking about you ğŸ˜˜,96
68,Can we work on the project together?,0
69,I'm so glad I slid into your DMs. ğŸ˜‰,78
70,I'm lowkey obsessed with you.,72
71,I'm completely smitten with you ğŸ’•,95
72,I keep thinking about you ğŸ˜˜,91
73,Haha that was funny ğŸ˜‚,19
74,I'm completely smitten with you ğŸ’•,94
75,This convo is lowkey a good vibe.,33
76,Let's grab a coffee or something sometime. No cap.,42
77,Want to try that new restaurant?,46
78,You've got the most beautiful smile ğŸ˜Š,72
79,The meeting has been moved to 3 PM,2
80,You're the kind of person I want to text all day.,95
81,I'd love to spend more time with you â¤ï¸,92
82,"I'm not even playing, you're a perfect 10.",79
83,You look stunning as always,83
84,You have the prettiest eyes,81
85,I'm so glad we're talking. âœ¨,64
86,"I'm lowkey catching feelings, lol.",66
87,You make my heart skip a beat,96
88,Did you finish the homework?,2
89,I'm lowkey obsessed with you.,83
90,You always make me laugh,57
91,I need the files by Friday,4
92,"You're a whole snack, a whole meal, a whole buffet.",98
93,You have such beautiful features,76
94,I'm so glad I slid into your DMs. ğŸ˜‰,74
95,"You're my biggest W, for real.",94
96,I can't get over how good you look.,76
97,"Every time you text me, my phone does a happy dance.",75
98,I'm lowkey obsessed with you.,90
99,Let me know if you need any clarification,1
100,That's a really good point,23
101,You're so cute when you laugh,84
102,You always make me laugh,69
103,That color looks amazing on you,78
104,You look stunning as always,81
105,I think about you when I'm bored. And when I'm not. ğŸ˜‰,87
106,Have you seen the latest updates?,14
107,You're so photogenic,75
108,I think I'm starting to like you a lot ğŸ’•,96
109,You looked really cute today,72
110,"You're my biggest W, for real.",93
111,Hope your day is bussin' ğŸ™Œ,36
112,You look amazing in that dress,76
113,"Your 'fit was fire today, no cap.",56
114,You're really easy to talk to,58
115,Hope your day is going well!,37
116,I need the files by Friday,9
117,"Your 'fit was fire today, no cap.",55
118,Looking at you makes my day better,73
119,Just thinking about you makes me smile like a clown.,96
120,Can't believe I found someone as perfect as you.,95
121,You did really well on that project,37
122,Did you finish the homework?,4
123,You have the most beautiful laugh,80
124,We have so much in common,66
125,You looked really cute today,81
126,You're driving me crazy in the best way,98
127,Can you send me the report by tonight?,3
128,I'm so glad we're talking. âœ¨,45
129,You make my heart race every time I see you,92
130,You're so cute when you laugh,72
131,Let's discuss this in detail tomorrow,5
132,You're the girl of my dreams,96
133,"I'm not trying to be delulu, but I think you're stunning.",89
134,"I'm not gonna lie, you're pretty cool. ğŸ˜‰",45
135,Wanna grab lunch sometime?,62
136,You have the prettiest eyes,76
137,"Hey gorgeous, what are you up to?",95
138,"Good morning, hope you have a great day!",21
139,You're the girl of my dreams,95
140,"I hope this isn't a situationship, because I want you all to myself.",95
141,"Just saying, you're not like everyone else.",48
142,You're irresistible ğŸ˜˜,97
143,"I hope this isn't a situationship, because I want you all to myself.",96
144,"Your body is a masterpiece, you're an artist.",94
145,I think about you all the time,95
146,"I'm dead, that's so funny ğŸ˜‚ğŸ’€",38
147,You looked fire ğŸ”¥ today,79
148,Let me know if you need any clarification,14
149,You always make me laugh,58
150,"On God, you're a good person.",18
151,"That's a slay, no cap.",31
152,Please confirm your attendance,1
153,"If you're ever free, I'm dtf... to define the relationship. ğŸ˜‰",77
154,You did really well on that project,39
155,You did really well on that project,16
156,You're absolutely radiant,71
157,I'd love to spend more time with you â¤ï¸,92
158,You've got the most beautiful smile ğŸ˜Š,78
159,"Your body is a masterpiece, you're an artist.",92
160,"I'm not even playing, you're a perfect 10.",81
161,You have a mad good aura.,66
162,You're a whole W in my book.,44
163,Please confirm your attendance,9
164,"I'm not even playing, you're a perfect 10.",82
165,The deadline is approaching,3
166,You're such a good friend,22
167,I'm so glad I slid into your DMs. ğŸ˜‰,75
168,I'm highkey excited to see you.,41
169,Wanna grab lunch sometime?,41
170,Thanks for being so helpful,23
171,Wanna grab lunch sometime?,48
172,Hope your day is bussin' ğŸ™Œ,30
173,You're perfect in every way,99
174,Wanna grab a drink tonight?,63
175,I love your positive energy,35
176,You're really talented,35
177,You're a whole mood and a whole snack.,86
178,You have a mad good aura.,55
179,You're giving me all the feels. â¤ï¸,87
180,I'd love to spend more time with you â¤ï¸,92
181,You're giving main character energy.,63
182,"I'm simping hard for you, no cap.",96
183,You looked really cute today,83
184,"I'm dead, that's so funny ğŸ˜‚ğŸ’€",28
185,You looked fire ğŸ”¥ today,87
186,You're so photogenic,89
187,Let me know if you need any clarification,2
188,I had fun hanging out with you,41
189,Just dropping in to say hey! ğŸ‘‹,17
190,Want to catch a movie this weekend?,59
191,Just thinking about you makes me smile like a clown.,95
192,"On God, you're a good person.",30
193,Thanks for helping me out,28
194,"I'm lowkey catching feelings, lol.",61
195,Thanks for the reminder,0
196,Did you finish the homework?,1
197,That was a great presentation,28
198,Please review the attached document,11
199,You're really easy to talk to,43
200,You're so photogenic,81
201,You looked stunning last night âœ¨,93
202,You have such beautiful features,79
203,"You're my favorite person to stalk... I mean, talk to. ğŸ˜‰",96
204,You have a mad good aura.,56
205,You're giving me all the feels. â¤ï¸,71
206,Your eyes are mesmerizing ğŸ‘€,94
207,What time is the presentation?,7
208,I think about you when I'm bored. And when I'm not. ğŸ˜‰,78
209,You look stunning as always,80
210,We have so much in common,52
211,You're everything I've been looking for,93
212,Please confirm your attendance,14
213,"I'm dead, that's so funny ğŸ˜‚ğŸ’€",40
214,That color looks amazing on you,79
215,You look stunning as always,87
216,You're the only person who gives me butterflies.,95
217,You look stunning as always,83
218,"You're not sus, you're just cool.",29
219,Want to catch a movie this weekend?,42
220,You're such a good friend,30
221,You have a great sense of humor,32
222,Did you finish the homework?,4
223,I think about you when I'm bored. And when I'm not. ğŸ˜‰,89
224,"I'm not even trying to rizz you up, but you're a vibe.",59
225,You're absolutely radiant,75
226,I always look forward to seeing you,67
227,The client wants to reschedule,4
228,"My hands are full, can I borrow your mouth? Just kidding. Unless...?",96
229,"That was a whole mood, lol.",24
230,"Every time you text me, my phone does a happy dance.",87
231,Did you get my email?,4
232,You make my heart race every time I see you,94
233,I love your positive energy,37
234,Your smile is contagious,85
235,Did you finish the homework?,6
236,I appreciate your advice,40
237,I'm so glad we're talking. âœ¨,52
238,That was a great presentation,23
239,I'm completely smitten with you ğŸ’•,92
240,"Good morning, hope you have a great day!",17
241,I think about you all the time,92
242,"That's a slay, no cap.",26
243,"You're a whole snack, a whole meal, a whole buffet.",95
244,"I'm not even playing, you're a perfect 10.",87
245,I'm highkey excited to see you.,49
246,"I'm dead, that's so funny ğŸ˜‚ğŸ’€",37
247,"I'm not even trying to rizz you up, but you're a vibe.",62
248,I keep thinking about you ğŸ˜˜,96
249,Want to catch a movie this weekend?,45
250,My day was mid until I saw your text.,60
251,I admire how talented you are,58
252,You're really talented,22
253,I feel so comfortable around you,57
254,I always look forward to seeing you,67
255,"Thanks for the tea, spill it all! â˜•",21
256,You looked so hot yesterday ğŸ”¥,100
257,You're such a good friend,24
258,What time is the presentation?,8
259,"You're my everything, periodt. â¤ï¸",96
260,You take my breath away,93
261,I'm completely smitten with you ğŸ’•,94
262,What's your favorite movie?,37
263,Can we schedule a call for next week?,9
264,You have such beautiful features,73
265,I can't get you out of my mind,93
266,You're giving me all the feels. â¤ï¸,74
267,Hope you're having a good week,17
268,I love your positive energy,39
269,"You have so much rizz, it's not fair.",71
270,You're the girl of my dreams,94
271,"That's so real, fr fr.",40
272,You make my heart skip a beat,95
273,Your smile is contagious,90
274,You make everything better when you're around,78
275,I'm falling for you hard,93
276,"Wow, you're absolutely gorgeous ğŸ˜",93
277,"That was a whole mood, lol.",38
278,"Every time you text me, my phone does a happy dance.",79
279,Lowkey been thinking about that convo we had.,46
280,You're everything I've been looking for,93
281,"Just saying, you're not like everyone else.",61
282,You've got the most beautiful smile ğŸ˜Š,81
283,I had fun hanging out with you,63
284,That was a great presentation,19
285,I'm lowkey obsessed with you.,78
286,You take my breath away,92
287,"You're not sus, you're just cool.",33
288,"I hope this isn't a situationship, because I want you all to myself.",96
289,You're very insightful,27
290,What's your favorite movie?,20
291,Don't forget about tomorrow's meeting,5
292,"That's so real, fr fr.",38
293,What's your favorite movie?,40
294,Let's grab a coffee or something sometime. No cap.,41
295,I'm completely smitten with you ğŸ’•,95
296,The client wants to reschedule,7
297,Lowkey been thinking about that convo we had.,62
298,You make work more enjoyable,68
299,"My hands are full, can I borrow your mouth? Just kidding. Unless...?",93
300,That's so thoughtful of you,21
301,You're so photogenic,71
302,You have the prettiest eyes,88
303,I feel so comfortable around you,55
304,You're irresistible ğŸ˜˜,98
305,"Hey gorgeous, what are you up to?",93
306,You're absolutely perfect ğŸ’•,99
307,I stan your work ethic.,18
308,"Your energy is so attractive, it's wild.",81
309,You're such a good friend,35
310,You're the prettiest girl in the room,97
311,The meeting has been moved to 3 PM,7
312,Hope your day is bussin' ğŸ™Œ,17
313,You brighten up the room,43
314,My day was mid until I saw your text.,60
315,You always make me laugh,67
316,You make work more enjoyable,57
317,The meeting has been moved to 3 PM,10
318,That joke cracked me up haha,34
319,You're absolutely divine,100
320,You're giving main character energy.,42
321,I can't stop smiling when I'm with you,72
322,I feel so comfortable around you,54
323,I'm so glad I slid into your DMs. ğŸ˜‰,90
324,"I'm lowkey catching feelings, lol.",63
325,Your smile is contagious,79
326,Just dropping in to say hey! ğŸ‘‹,36
327,"Thanks for the tea, spill it all! â˜•",26
328,I think about you all the time,92
329,Please confirm your attendance,10
330,I'd love to spend more time with you â¤ï¸,96
331,I really enjoy spending time with you,66
332,You've got the most beautiful smile ğŸ˜Š,72
333,You're everything I've been looking for,94
334,You have such a warm personality,67
335,Your smile is contagious,84
336,Have you seen the latest updates?,9
337,Wanna grab lunch sometime?,70
338,Let's hang out soon,59
339,You looked like a whole snack today.,41
340,You always make me laugh,45
341,Don't forget about tomorrow's meeting,4
342,Have you seen the latest updates?,15
343,You have a great sense of humor,19
344,I want to be your sneaky link and your forever link.,99
345,"Your 'fit was fire today, no cap.",52
346,What's your favorite movie?,36
347,"I'm not trying to be delulu, but I think you're stunning.",84
348,I keep thinking about you ğŸ˜˜,94
349,Can't believe I found someone as perfect as you.,93
350,Let's go for coffee sometime â˜•,55
351,Please review the attached document,1
352,You're so cute when you laugh,71
353,The deadline is approaching,8
354,I feel so comfortable around you,67
355,Can we work on the project together?,7
356,Can you double-check these numbers?,12
357,"I'm not even playing, you're a perfect 10.",89
358,"If you were a test, I'd fail and still get a W because you're mine.",99
359,Can you help me with this task?,3
360,I need the files by Friday,4
361,Can you help me with this task?,12
362,What's the vibe today? ğŸ˜Š,34
363,I keep thinking about you ğŸ˜˜,91
364,I need the files by Friday,1
365,Please review the attached document,6
366,I'm completely smitten with you ğŸ’•,95
367,You make me feel so special,91
368,I think I'm starting to like you a lot ğŸ’•,96
369,You have such a warm personality,56
370,You're a whole W in my book.,60
371,"I'm not trying to be delulu, but I think you're stunning.",78
372,Wanna grab lunch sometime?,63
373,The meeting has been moved to 3 PM,13
374,You make work more enjoyable,45
375,You look incredible today,71
376,You're my favorite person â¤ï¸,94
377,What's the vibe today? ğŸ˜Š,29
378,I admire how talented you are,52
379,You have the prettiest eyes,86
380,"You have so much rizz, it's not fair.",87
381,Please review the attached document,12
382,You're a goddess ğŸ‘‘,99
383,I can't get you out of my mind,91
384,Lowkey been thinking about that convo we had.,50
385,I admire how talented you are,59
386,"I'm not even trying to rizz you up, but you're a vibe.",65
387,I can't get over how good you look.,74
388,Let's discuss this in detail tomorrow,12
389,You look stunning as always,85
390,The meeting has been moved to 3 PM,15
391,We have so much in common,54
392,Lowkey been thinking about that convo we had.,61
393,You have such pretty hair,80
394,I really enjoy spending time with you,57
395,You're very insightful,20
396,"On God, you're a good person.",20
397,You're really fun to be around,50
398,You look stunning as always,78
399,"On God, you're a good person.",17
400,I'm completely smitten with you ğŸ’•,93
401,Haha that was funny ğŸ˜‚,19
402,You're drop-dead gorgeous ğŸ˜,98
403,Want to try that new restaurant?,58
404,That's a really good point,37
405,Please review the attached document,12
406,"Wow, you're absolutely gorgeous ğŸ˜",91
407,You've got the most beautiful smile ğŸ˜Š,86
408,Let's discuss this in detail tomorrow,2
409,I always look forward to seeing you,47
410,Have you seen the latest updates?,5
411,You take my breath away,96
412,Let's go for coffee sometime â˜•,48
413,That color looks amazing on you,84
414,You look stunning as always,74
415,Lowkey been thinking about that convo we had.,42
416,You're so photogenic,81
417,Did you get my email?,15
418,I had fun hanging out with you,44
419,I'm lowkey obsessed with you.,86
420,You have such beautiful features,74
421,I appreciate your advice,38
422,You did really well on that project,17
423,You have such pretty hair,85
424,Let's hang out soon,57
425,Hope you're having a good week,22
426,That dress suits you so well,83
427,That outfit is ğŸ”¥ğŸ”¥ğŸ”¥,96
428,"I'm not gonna lie, you're pretty cool. ğŸ˜‰",57
429,Don't forget about tomorrow's meeting,1
430,"Your 'fit was fire today, no cap.",53
431,You're a goddess ğŸ‘‘,98
432,"I'm dead, that's so funny ğŸ˜‚ğŸ’€",23
433,You're so photogenic,73
434,Can you help me with this task?,4
435,What's the vibe today? ğŸ˜Š,18
436,"You're not sus, you're just cool.",37
437,"My hands are full, can I borrow your mouth? Just kidding. Unless...?",95
438,You make work more enjoyable,53
439,You take my breath away,96
440,You brighten up the room,70
441,Let's discuss this in detail tomorrow,14
442,"Thanks for the tea, spill it all! â˜•",17
443,That's a really good point,38
444,I always look forward to seeing you,43
445,Let me know if you need any clarification,12
446,Want to try that new restaurant?,58
447,Let's hang out soon,59
448,That outfit is ğŸ”¥ğŸ”¥ğŸ”¥,99
449,You've got the most beautiful smile ğŸ˜Š,83
450,"Stop making me blush, you're too cute.",73
451,You're drop-dead gorgeous ğŸ˜,100
452,"Hey gorgeous, what are you up to?",94
453,I'd go delulu for you.,95
454,We have so much in common,65
455,The client wants to reschedule,8
456,Did you get my email?,12
457,Can we work on the project together?,10
458,"Your body is a masterpiece, you're an artist.",94
459,You're really talented,31
460,"You have so much rizz, it's not fair.",89
461,Just thinking about you makes me smile like a clown.,96
462,"Every time you text me, my phone does a happy dance.",71
463,"That was a whole mood, lol.",40
464,"Every time you text me, my phone does a happy dance.",71
465,Let's grab a coffee or something sometime. No cap.,57
466,Thanks for the reminder,0
467,My day was mid until I saw your text.,49
468,I'd love to spend more time with you â¤ï¸,91
469,"That's so real, fr fr.",35
470,We have so much in common,64
471,Thanks for helping me out,22
472,You look amazing in that dress,79
473,Let's discuss this in detail tomorrow,12
474,You're a whole W in my book.,61
475,I'm head over heels for you,97
476,"Just saying, you're not like everyone else.",44
477,"You're not sus, you're just cool.",22
478,I'm completely smitten with you ğŸ’•,92
479,Let's hang out soon,62
480,You always make me laugh,51
481,"On God, you're a good person.",24
482,I'd love to spend more time with you â¤ï¸,91
483,You're not giving basic at all.,32
484,I feel so comfortable around you,61
485,You're absolutely radiant,79
486,You have a mad good aura.,42
487,Can you double-check these numbers?,1
488,That's so thoughtful of you,20
489,That dress suits you so well,86
490,I'm falling for you hard,92
491,Can you send me the report by tonight?,12
492,That was a great presentation,27
493,You make me feel so special,92
494,Can you double-check these numbers?,2
495,Hope your day is bussin' ğŸ™Œ,21
496,You're such a good friend,27
497,Let's discuss this in detail tomorrow,3
498,You make my heart skip a beat,94
499,I stan your work ethic.,18
500,I'm so glad we're talking. âœ¨,45
501,You're perfect in every way,97
502,You have the most beautiful laugh,75
503,The client wants to reschedule,1
504,I think about you when I'm bored. And when I'm not. ğŸ˜‰,82
505,You're really talented,29
506,I'm so lucky to know you â¤ï¸,92
507,Want to catch a movie this weekend?,45
508,You're the girl of my dreams,91
509,Thanks for being so helpful,24
510,"I'm lowkey catching feelings, lol.",67
511,You're really easy to talk to,50
512,"I'm not gonna lie, you're pretty cool. ğŸ˜‰",66
513,I'm so glad I slid into your DMs. ğŸ˜‰,78
514,Can we work on the project together?,5
515,You're the kind of person I want to text all day.,92
516,I can't get over how good you look.,82
517,Just thinking about you makes me smile like a clown.,96
518,This convo is lowkey a good vibe.,31
519,"Stop making me blush, you're too cute.",83
520,I can't get over how good you look.,89
521,You're a whole W in my book.,55
522,You're really fun to be around,62
523,Thanks for being so helpful,38
524,You're drop-dead gorgeous ğŸ˜,97
525,That's a really good point,18
526,You're really fun to be around,47
527,Wanna watch a movie at my place?,84
528,Thanks for being so helpful,17
529,Want to catch a movie this weekend?,58
530,I'm falling for you hard,94
531,You're the most beautiful woman I've ever seen,99
532,You're not giving basic at all.,23
533,Can you double-check these numbers?,2
534,Don't forget about tomorrow's meeting,5
535,Can we schedule a call for next week?,12
536,You look stunning as always,87
537,You're the kind of person I want to text all day.,95
538,"Hey gorgeous, what are you up to?",91
539,"That's a slay, no cap.",22
540,Hope you're having a good week,24
541,Can we schedule a call for next week?,5
542,Lowkey glad we're on the same team.,19
543,You have a mad good aura.,41
544,I feel so comfortable around you,44
545,You make my heart skip a beat,94
546,You have the most beautiful laugh,77
547,I'm so lucky to know you â¤ï¸,94
548,I'd go delulu for you.,96
549,You're such a sweetheart ğŸ’•,92
550,"Your body is a masterpiece, you're an artist.",93
551,I'm so glad I slid into your DMs. ğŸ˜‰,75
552,Let's grab a coffee or something sometime. No cap.,56
553,You looked really cute today,85
554,You always make me laugh,56
555,"You're not sus, you're just cool.",32
556,I love your positive energy,38
557,You look stunning as always,75
558,"My hands are full, can I borrow your mouth? Just kidding. Unless...?",95
559,Haha that was funny ğŸ˜‚,17
560,Did you finish the homework?,1
561,"Stop making me blush, you're too cute.",86
562,"Wow, you're absolutely gorgeous ğŸ˜",92
563,That's so thoughtful of you,19
564,Thanks for helping me out,18
565,I'm lowkey obsessed with you.,75
566,You're everything I've been looking for,96
567,You have such beautiful features,76
568,"If you're ever free, I'm dtf... to define the relationship. ğŸ˜‰",71
569,Did you finish the homework?,0
570,I'm lowkey obsessed with you.,82
571,What's the vibe today? ğŸ˜Š,19
572,That was a great presentation,18
573,"That's a slay, no cap.",39
574,You're my everything â¤ï¸ğŸ’•,98
575,Let's hang out soon,70
576,I had fun hanging out with you,49
577,I'm falling for you hard,95
578,Please review the attached document,11
579,We should do this more often,42
580,I keep thinking about you ğŸ˜˜,94
581,Let's discuss this in detail tomorrow,4
582,You're so photogenic,90
583,"I'm not trying to be delulu, but I think you're stunning.",89
584,I had fun hanging out with you,66
585,I really enjoy spending time with you,67
586,"I hope this isn't a situationship, because I want you all to myself.",93
587,I appreciate your advice,25
588,Hope your day is bussin' ğŸ™Œ,30
589,Have you seen the latest updates?,4
590,You've got the most beautiful smile ğŸ˜Š,89
591,Please confirm your attendance,0
592,You're giving main character energy.,58
593,Can you double-check these numbers?,0
594,The deadline is approaching,12
595,You take my breath away,96
596,Hope your day is bussin' ğŸ™Œ,23
597,You have a mad good aura.,65
598,I admire how talented you are,43
599,You're very insightful,36
600,You're the girl of my dreams,92
601,You have a mad good aura.,43
602,I'm highkey excited to see you.,46
603,Just thinking about you makes me smile like a clown.,94
604,I can't get over how good you look.,79
605,I had fun hanging out with you,52
606,You're giving main character energy.,42
607,"I'm not even playing, you're a perfect 10.",84
608,You're absolutely perfect ğŸ’•,99
609,You're perfect in every way,100
610,"I'm not trying to be delulu, but I think you're stunning.",78
611,I always look forward to seeing you,48
612,You're such a good friend,22
613,I think about you all the time,91
614,Just dropping in to say hey! ğŸ‘‹,35
615,You make my heart race every time I see you,93
616,The client wants to reschedule,11
617,That's a really good point,32
618,You looked stunning last night âœ¨,94
619,You have such a warm personality,65
620,I can't get over how good you look.,81
621,I'm highkey excited to see you.,54
622,The client wants to reschedule,4
623,Have you seen the latest updates?,1
624,I stan your work ethic.,25
625,I had fun hanging out with you,57
626,I keep thinking about you ğŸ˜˜,92
627,You're so photogenic,74
628,You're really fun to be around,60
629,Can you send me the report by tonight?,4
630,You're giving me all the feels. â¤ï¸,87
631,I'm so lucky to know you â¤ï¸,94
632,"Your energy is so attractive, it's wild.",83
633,I always look forward to seeing you,60
634,Your eyes are mesmerizing ğŸ‘€,92
635,"Hey, how are you doing?",29
636,Wanna watch a movie at my place?,89
637,You brighten up the room,64
638,I'm completely smitten with you ğŸ’•,95
639,You look stunning as always,82
640,"I'm simping hard for you, no cap.",96
641,You have such pretty hair,83
642,You looked stunning last night âœ¨,94
643,You've got the most beautiful smile ğŸ˜Š,76
644,That outfit is ğŸ”¥ğŸ”¥ğŸ”¥,95
645,You're my favorite person â¤ï¸,92
646,"I'm not even trying to rizz you up, but you're a vibe.",45
647,"Every time you text me, my phone does a happy dance.",88
648,Wanna grab lunch sometime?,63
649,Thanks for helping me out,26
650,You make everything better when you're around,75
651,What's your favorite movie?,32
652,Looking at you makes my day better,74
653,Looking at you makes my day better,85
654,You're not giving basic at all.,33
655,You have the most beautiful laugh,77
656,You're the only person who gives me butterflies.,97
657,You're not giving basic at all.,32
658,Can you send me the report by tonight?,10
659,You have great taste in music,55
660,You looked fire ğŸ”¥ today,79
661,You always make me laugh,61
662,That's so thoughtful of you,17
663,You're very insightful,16
664,Have you seen the latest updates?,9
665,Did you finish the homework?,13
666,Want to catch a movie this weekend?,63
667,"Hey, how are you doing?",21
668,Don't forget about tomorrow's meeting,5
669,You always make me laugh,46
670,My day was mid until I saw your text.,66
671,You brighten up the room,41
672,Just dropping in to say hey! ğŸ‘‹,29
673,"On God, you're a good person.",17
674,"I'm not trying to be delulu, but I think you're stunning.",75
675,Wanna grab lunch sometime?,52
676,I want to be your sneaky link and your forever link.,95
677,You're the best thing that happened to me â¤ï¸,96
678,Wanna watch a movie at my place?,86
679,"Your 'fit was fire today, no cap.",52
680,The client wants to reschedule,9
681,You look incredible today,78
682,What's the status on that assignment?,2
683,I'm completely smitten with you ğŸ’•,93
684,"That's so real, fr fr.",25
685,Don't forget about tomorrow's meeting,9
686,Wanna grab lunch sometime?,51
687,"On God, you're a good person.",21
688,Thanks for the reminder,7
689,"On God, you're a good person.",35
690,I keep thinking about you ğŸ˜˜,94
691,I always look forward to seeing you,54
692,Thanks for being so helpful,23
693,Please review the attached document,5
694,Your smile is contagious,75
695,I'd go delulu for you.,91
696,What time is the presentation?,15
697,You look stunning as always,80
698,You have such pretty hair,82
699,Wanna watch a movie at my place?,75
700,You brighten up the room,68
701,You brighten up the room,64
702,"I'm simping hard for you, no cap.",91
703,Can we work on the project together?,1
704,Let's go for coffee sometime â˜•,57
705,I always look forward to seeing you,61
706,Can we work on the project together?,4
707,"That's a slay, no cap.",17
708,Want to catch a movie this weekend?,48
709,You make work more enjoyable,45
710,I feel so comfortable around you,58
711,The meeting has been moved to 3 PM,8
712,"Thanks for the tea, spill it all! â˜•",16
713,I'd go delulu for you.,92
714,You looked stunning last night âœ¨,91
715,You're really easy to talk to,51
716,What time is the presentation?,4
717,Don't forget about tomorrow's meeting,12
718,The client wants to reschedule,9
719,"Wow, you're absolutely gorgeous ğŸ˜",96
720,You're such a good friend,28
721,I think about you all the time,96
722,I admire how talented you are,61
723,You're such a sweetheart ğŸ’•,91
724,You're really talented,25
725,"I'm not trying to be delulu, but I think you're stunning.",88
726,Wanna grab lunch sometime?,69
727,Thanks for helping me out,18
728,You look amazing in that dress,86
729,Wanna grab lunch sometime?,65
730,That joke cracked me up haha,28
731,"I hope this isn't a situationship, because I want you all to myself.",93
732,You make everything better when you're around,85
733,"I'm on a no-rizz streak, but you're making it hard.",59
734,"I'm not gonna lie, you're pretty cool. ğŸ˜‰",54
735,You're really easy to talk to,46
736,Thanks for the reminder,5
737,You make work more enjoyable,52
738,You have such pretty hair,89
739,I'd love to spend more time with you â¤ï¸,95
740,You look stunning as always,86
741,You're the kind of person I want to text all day.,96
742,Please confirm your attendance,14
743,Let's go for coffee sometime â˜•,60
744,You're giving main character energy.,42
745,I had fun hanging out with you,63
746,I admire how talented you are,46
747,Can you help me with this task?,14
748,You're really easy to talk to,51
749,I feel so comfortable around you,65
750,I can't get you out of my mind,94
751,"You're not sus, you're just cool.",40
752,I can't get you out of my mind,94
753,We should do this more often,49
754,"I hope this isn't a situationship, because I want you all to myself.",91
755,I appreciate your advice,21
756,"That was a whole mood, lol.",39
757,Can you help me with this task?,8
758,Did you get my email?,9
759,You looked stunning last night âœ¨,91
760,Let me know if you need any clarification,10
761,You're such a good friend,20
762,You're the kind of person I want to text all day.,95
763,What's the vibe today? ğŸ˜Š,27
764,"I'm not trying to be delulu, but I think you're stunning.",87
765,I always look forward to seeing you,61
766,You have such beautiful features,83
767,Just dropping in to say hey! ğŸ‘‹,24
768,Lowkey glad we're on the same team.,22
769,"I'm lowkey catching feelings, lol.",42
770,"You're my biggest W, for real.",92
771,I can't stop smiling when I'm with you,76
772,You're the best thing that happened to me â¤ï¸,98
773,Thanks for helping me out,31
774,I'm so glad I slid into your DMs. ğŸ˜‰,83
775,Please confirm your attendance,10
776,You're my favorite notification.,79
777,You're my dream come true,99
778,You always make me laugh,51
779,"Your smile hits different, for real.",74
780,"I'm not even trying to rizz you up, but you're a vibe.",51
781,You're so photogenic,87
782,"I hope this isn't a situationship, because I want you all to myself.",91
783,I can't get you out of my mind,92
784,Please review the attached document,1
785,You have a mad good aura.,48
786,"That was a whole mood, lol.",23
787,That color looks amazing on you,90
788,You're driving me crazy in the best way,98
789,"I'm dead, that's so funny ğŸ˜‚ğŸ’€",26
790,I'm completely smitten with you ğŸ’•,91
791,Thanks for the reminder,15
792,What's the status on that assignment?,13
793,Hope your day is bussin' ğŸ™Œ,22
794,I appreciate your advice,24
795,Don't forget about tomorrow's meeting,11
796,You're really talented,22
797,Let me know if you need any clarification,5
798,Please confirm your attendance,9
799,Can you send me the report by tonight?,13
800,"Your smile hits different, for real.",71
801,You look amazing in that dress,80
802,Can we work on the project together?,14
803,Did you get my email?,2
804,I'm head over heels for you,99
805,Wanna watch a movie at my place?,76
806,I always look forward to seeing you,65
807,"Your energy is so attractive, it's wild.",75
808,"I'm not gonna lie, you're pretty cool. ğŸ˜‰",56
809,You have a mad good aura.,44
810,You take my breath away,91
811,That's so thoughtful of you,27
812,You brighten up the room,61
813,Lowkey been thinking about that convo we had.,65
814,That dress suits you so well,79
815,Hope you're having a good week,34
816,You're absolutely perfect ğŸ’•,97
817,Wanna grab a drink tonight?,60
818,You're so cute when you laugh,77
819,"You have so much rizz, it's not fair.",71
820,You're very insightful,30
821,You take my breath away,95
822,Let's hang out soon,55
823,You have a great sense of humor,27
824,I'm highkey excited to see you.,47
825,You always make me laugh,55
826,"If you're ever free, I'm dtf... to define the relationship. ğŸ˜‰",72
827,"On God, you're a good person.",18
828,"Your energy is so attractive, it's wild.",88
829,You're a whole W in my book.,62
830,"Your energy is so attractive, it's wild.",74
831,You're not giving basic at all.,19
832,Can we work on the project together?,4
833,You're my favorite notification.,76
834,You have the prettiest eyes,78
835,I feel so comfortable around you,69
836,I really enjoy spending time with you,46
837,"Hey, how are you doing?",21
838,This convo is lowkey a good vibe.,33
839,"I'm not even trying to rizz you up, but you're a vibe.",60
840,You're such a good friend,30
841,You're my favorite person â¤ï¸,94
842,Let me know if you need any clarification,3
843,You're absolutely divine,99
844,Let's grab a coffee or something sometime. No cap.,65
845,I enjoy our conversations,17
846,Can we work on the project together?,5
847,Let me know if you need any clarification,11
848,That's so thoughtful of you,40
849,I enjoy our conversations,35
850,"You're not sus, you're just cool.",24
851,Just thinking about you makes me smile like a clown.,91
852,Thanks for the reminder,2
853,Please review the attached document,14
854,You have the most beautiful laugh,81
855,I'm falling for you hard,92
856,Can we schedule a call for next week?,9
857,"I'm simping hard for you, no cap.",96
858,Looking at you makes my day better,88
859,You have great taste in music,45
860,I think about you when I'm bored. And when I'm not. ğŸ˜‰,72
861,I need the files by Friday,2
862,I need the files by Friday,7
863,You make work more enjoyable,57
864,Let's discuss this in detail tomorrow,1
865,Lowkey been thinking about that convo we had.,49
866,You have the most beautiful laugh,84
867,"I'm not gonna lie, you're pretty cool. ğŸ˜‰",56
868,"I'm not even trying to rizz you up, but you're a vibe.",63
869,What's the status on that assignment?,14
870,What's your favorite movie?,22
871,What's your favorite movie?,16
872,"Hey gorgeous, what are you up to?",91
873,"Your smile hits different, for real.",81
874,Did you finish the homework?,4
875,Let's go for coffee sometime â˜•,41
876,Wanna grab lunch sometime?,49
877,I can't resist you,99
878,"You're my favorite person to stalk... I mean, talk to. ğŸ˜‰",96
879,You looked really cute today,76
880,The client wants to reschedule,15
881,You have such a warm personality,47
882,You're everything I've been looking for,95
883,"You're my biggest W, for real.",91
884,You make work more enjoyable,63
885,"My life has been a blur, but with you, it's on God.",100
886,You're the kind of person I want to text all day.,94
887,Please confirm your attendance,0
888,"You're not sus, you're just cool.",30
889,Hope you're having a good week,28
890,Just dropping in to say hey! ğŸ‘‹,25
891,You're really talented,22
892,Looking at you makes my day better,86
893,I appreciate your advice,25
894,Want to catch a movie this weekend?,43
895,You always make me laugh,53
896,You have such a warm personality,66
897,You're not giving basic at all.,28
898,I think about you all the time,91
899,You always make me laugh,42
900,Wanna grab lunch sometime?,48
901,The meeting has been moved to 3 PM,0
902,You have such pretty hair,72
903,Did you finish the homework?,13
904,"I'm simping hard for you, no cap.",92
905,"I'm not trying to be delulu, but I think you're stunning.",78
906,You make work more enjoyable,48
907,"That was a whole mood, lol.",39
908,I'm highkey excited to see you.,70
909,You're the kind of person I want to text all day.,94
910,You looked like a whole snack today.,59
911,I enjoy our conversations,17
912,Just dropping in to say hey! ğŸ‘‹,33
913,You've got the most beautiful smile ğŸ˜Š,73
914,I can't get you out of my mind,96
915,"I'm not gonna lie, you're pretty cool. ğŸ˜‰",68
916,You're a whole W in my book.,55
917,You're really fun to be around,47
918,We have so much in common,46
919,You have such pretty hair,77
920,You make work more enjoyable,48
921,You're the best thing that happened to me â¤ï¸,97
922,Wanna watch a movie at my place?,72
923,I'm so glad we're talking. âœ¨,70
924,That outfit is ğŸ”¥ğŸ”¥ğŸ”¥,95
925,What time is the presentation?,10
926,That color looks amazing on you,74
927,"Stop making me blush, you're too cute.",87
928,Can you double-check these numbers?,9
929,You make my heart skip a beat,93
930,We have so much in common,66
931,I can't get you out of my mind,93
932,You make work more enjoyable,47
933,You have such beautiful features,80
934,You're a whole W in my book.,60
935,Did you get my email?,1
936,Don't forget about tomorrow's meeting,14
937,"Wow, you're absolutely gorgeous ğŸ˜",93
938,"On God, you're a good person.",29
939,You always make me laugh,45
940,I really enjoy spending time with you,49
941,Have you seen the latest updates?,2
942,"Stop making me blush, you're too cute.",80
943,I'm lowkey obsessed with you.,77
944,What time is the presentation?,15
945,I admire how talented you are,59
946,"Wow, you're absolutely gorgeous ğŸ˜",96
947,You've got the most beautiful smile ğŸ˜Š,89
948,I'm lowkey obsessed with you.,89
949,What's your favorite movie?,26
950,Can you double-check these numbers?,14
951,I had fun hanging out with you,57
952,You're really fun to be around,59
953,You're really fun to be around,63
954,Have you seen the latest updates?,2
955,Want to catch a movie this weekend?,56
956,Hope your day is going well!,18
957,Hope you're having a good week,28
958,"Just saying, you're not like everyone else.",52
959,Thanks for helping me out,37
960,You're absolutely divine,100
961,The deadline is approaching,4
962,You make everything better when you're around,84
963,Just dropping in to say hey! ğŸ‘‹,24
964,Did you get my email?,14
965,"I'm not trying to be delulu, but I think you're stunning.",79
966,Did you finish the homework?,11
967,You have such pretty hair,72
968,Thanks for helping me out,31
969,You're really fun to be around,49
970,Please review the attached document,12
971,The deadline is approaching,5
972,Let's hang out soon,47
973,You're giving me all the feels. â¤ï¸,87
974,You're drop-dead gorgeous ğŸ˜,98
975,I'm highkey excited to see you.,57
976,Don't forget about tomorrow's meeting,13
977,You're a whole W in my book.,58
978,Have you seen the latest updates?,14
979,You look stunning as always,84
980,Can you help me with this task?,5
981,Let's hang out soon,66
982,I can't stop smiling when I'm with you,76
983,Want to try that new restaurant?,48
984,I feel so comfortable around you,42
985,You're a whole mood and a whole snack.,80
986,You have the prettiest eyes,79
987,That's a really good point,34
988,"Wow, you're absolutely gorgeous ğŸ˜",96
989,You make work more enjoyable,70
990,My day was mid until I saw your text.,52
991,What time is the presentation?,12
992,"I'm not gonna lie, you're pretty cool. ğŸ˜‰",56
993,You're everything I've been looking for,92
994,Thanks for helping me out,26
995,Your eyes are mesmerizing ğŸ‘€,95
996,"You're not sus, you're just cool.",28
997,Let's grab a coffee or something sometime. No cap.,70
998,You have great taste in music,51
999,You have the most beautiful laugh,85
1000,"You're my favorite person to stalk... I mean, talk to. ğŸ˜‰",92
1001,Let's discuss this in detail tomorrow,6
1002,You have great taste in music,59
1003,That was a great presentation,36
1004,You looked stunning last night âœ¨,94
1005,You're really fun to be around,52
1006,"I'm not trying to be delulu, but I think you're stunning.",90
1007,You have great taste in music,63
1008,I think about you all the time,94
1009,You looked fire ğŸ”¥ today,81
1010,You're such a good friend,26
1011,Lowkey been thinking about that convo we had.,64
1012,You're the kind of person I want to text all day.,96
1013,Just dropping in to say hey! ğŸ‘‹,33
1014,You have the prettiest eyes,76
1015,The meeting has been moved to 3 PM,3
1016,Have you seen the latest updates?,5
1017,"You're my favorite person to stalk... I mean, talk to. ğŸ˜‰",91
1018,Lowkey been thinking about that convo we had.,46
1019,I think I'm starting to like you a lot ğŸ’•,94
1020,You're the girl of my dreams,94
1021,I really enjoy spending time with you,56
1022,"Hey gorgeous, what are you up to?",94
1023,You're absolutely radiant,73
1024,That's so thoughtful of you,16
1025,You always make me laugh,69
1026,What's the status on that assignment?,5
1027,Thanks for the reminder,2
1028,You make my heart skip a beat,94
1029,Want to try that new restaurant?,63
1030,You have a great sense of humor,39
1031,You're giving me all the feels. â¤ï¸,87
1032,I had fun hanging out with you,52
1033,I stan your work ethic.,33
1034,You're giving me all the feels. â¤ï¸,83
1035,I'm so glad we're talking. âœ¨,53
1036,What's the vibe today? ğŸ˜Š,30
1037,"Stop making me blush, you're too cute.",87
1038,Want to try that new restaurant?,63
1039,"I'm simping hard for you, no cap.",95
1040,You have such beautiful features,90
1041,Please review the attached document,3
1042,Can you help me with this task?,5
1043,Let's go for coffee sometime â˜•,52
1044,You have the prettiest eyes,89
1045,"I'm simping hard for you, no cap.",95
1046,You're absolutely radiant,71
1047,I'm so glad I slid into your DMs. ğŸ˜‰,76
1048,"That was a whole mood, lol.",32
1049,I can't get over how good you look.,90
1050,That joke cracked me up haha,24
1051,Your energy is a total W. âœ¨,30
1052,"That's so real, fr fr.",37
1053,Your eyes are mesmerizing ğŸ‘€,96
1054,My day was mid until I saw your text.,42
1055,You have such beautiful features,73
1056,"That was a whole mood, lol.",17
1057,Wanna grab lunch sometime?,60
1058,Wanna grab lunch sometime?,44
1059,Want to catch a movie this weekend?,69
1060,Let's grab a coffee or something sometime. No cap.,70
1061,You're very insightful,38
1062,You're really easy to talk to,62
1063,Can we schedule a call for next week?,3
1064,You have such beautiful features,83
1065,"I'm simping hard for you, no cap.",93
1066,You're my favorite notification.,90
1067,"Thanks for the tea, spill it all! â˜•",37
1068,That color looks amazing on you,75
1069,The client wants to reschedule,11
1070,Lowkey been thinking about that convo we had.,68
1071,You always make me laugh,41
1072,You looked stunning last night âœ¨,96
1073,Wanna watch a movie at my place?,77
1074,Your energy is a total W. âœ¨,36
1075,You're giving main character energy.,46
1076,We have so much in common,67
1077,Lowkey been thinking about that convo we had.,60
1078,Your smile is contagious,73
1079,Lowkey been thinking about that convo we had.,58
1080,Lowkey been thinking about that convo we had.,49
1081,Please confirm your attendance,13
1082,I'm so glad we're talking. âœ¨,67
1083,I can't stop smiling when I'm with you,85
1084,Your eyes are mesmerizing ğŸ‘€,95
1085,Can you help me with this task?,0
1086,You're my favorite notification.,87
1087,You're absolutely radiant,83
1088,I'm crazy about you ğŸ˜,100
1089,Please confirm your attendance,12
1090,I think about you all the time,92
1091,You're not giving basic at all.,31
1092,Did you finish the homework?,2
1093,You're so photogenic,86
1094,You're very insightful,25
1095,Let's discuss this in detail tomorrow,6
1096,Let's discuss this in detail tomorrow,4
1097,I can't get you out of my mind,92
1098,You're the kind of person I want to text all day.,94
1099,"Hey gorgeous, what are you up to?",92
1100,You're such a sweetheart ğŸ’•,93
1101,Haha that was funny ğŸ˜‚,36
1102,That's a really good point,37
1103,You're so photogenic,72
1104,You have such a warm personality,66
1105,"Your smile hits different, for real.",89
1106,I appreciate your advice,30
1107,"Stop making me blush, you're too cute.",80
1108,I can't resist you,98
1109,You take my breath away,93
1110,I think about you when I'm bored. And when I'm not. ğŸ˜‰,79
1111,You have such a warm personality,67
1112,That joke cracked me up haha,34
1113,You looked like a whole snack today.,69
1114,You have such beautiful features,84
1115,"I'm not gonna lie, you're pretty cool. ğŸ˜‰",51
1116,You take my breath away,95
1117,"On God, you're a good person.",22
1118,You brighten up the room,47
1119,Can you help me with this task?,13
1120,You looked like a whole snack today.,67
1121,Want to try that new restaurant?,50
1122,"I'm simping hard for you, no cap.",96
1123,You're not giving basic at all.,29
1124,I really enjoy spending time with you,60
1125,I'm so glad I slid into your DMs. ğŸ˜‰,73
1126,That color looks amazing on you,77
1127,You've got the most beautiful smile ğŸ˜Š,81
1128,You looked stunning last night âœ¨,93
1129,This convo is lowkey a good vibe.,18
1130,Can you send me the report by tonight?,14
1131,You're so photogenic,83
1132,You did really well on that project,23
1133,You've got the most beautiful smile ğŸ˜Š,87
1134,Just thinking about you makes me smile like a clown.,96
1135,You're the girl of my dreams,93
1136,The deadline is approaching,10
1137,"Thanks for the tea, spill it all! â˜•",31
1138,I'd love to spend more time with you â¤ï¸,91
1139,"You have so much rizz, it's not fair.",72
1140,Have you seen the latest updates?,2
1141,That dress suits you so well,79
1142,"I hope this isn't a situationship, because I want you all to myself.",92
1143,My day was mid until I saw your text.,69
1144,You're the reason I'm so happy,100
1145,I enjoy our conversations,36
1146,I'm so lucky to know you â¤ï¸,95
1147,You did really well on that project,18
1148,Please confirm your attendance,3
1149,"I'm on a no-rizz streak, but you're making it hard.",52
1150,You're the only person who gives me butterflies.,97
1151,You're such a sweetheart ğŸ’•,92
1152,Haha that was funny ğŸ˜‚,25
1153,You're irresistible ğŸ˜˜,97
1154,You have great taste in music,51
1155,You look amazing in that dress,76
1156,Let's go for coffee sometime â˜•,43
1157,Want to catch a movie this weekend?,56
1158,You're really fun to be around,46
1159,"Your body is a masterpiece, you're an artist.",92
1160,Looking at you makes my day better,82
1161,Wanna grab a drink tonight?,46
1162,Don't forget about tomorrow's meeting,0
1163,I think about you when I'm bored. And when I'm not. ğŸ˜‰,86
1164,Want to try that new restaurant?,56
1165,Let me know if you need any clarification,9
1166,Thanks for the reminder,7
1167,You have such pretty hair,73
1168,Can we work on the project together?,10
1169,You make work more enjoyable,41
1170,"On God, you're a good person.",22
1171,Let's grab a coffee or something sometime. No cap.,50
1172,I admire how talented you are,55
1173,You're really fun to be around,55
1174,You're my favorite notification.,82
1175,We should do this more often,60
1176,Did you finish the homework?,9
1177,Can we work on the project together?,4
1178,You looked like a whole snack today.,46
1179,"Every time you text me, my phone does a happy dance.",76
1180,You have such a warm personality,44
1181,Your eyes are mesmerizing ğŸ‘€,96
1182,You always make me laugh,42
1183,You're really talented,40
1184,You're my favorite person â¤ï¸,96
1185,This convo is lowkey a good vibe.,29
1186,Please confirm your attendance,2
1187,You look stunning as always,76
1188,I really enjoy spending time with you,49
1189,Let's hang out soon,61
1190,I think about you when I'm bored. And when I'm not. ğŸ˜‰,72
1191,"Your 'fit was fire today, no cap.",60
1192,You're so photogenic,78
1193,You looked stunning last night âœ¨,95
1194,What time is the presentation?,10
1195,"You're my biggest W, for real.",96
1196,"You have so much rizz, it's not fair.",90
1197,I admire how talented you are,64
1198,"I'm not trying to be delulu, but I think you're stunning.",77
1199,You look incredible today,77
1200,You're such a sweetheart ğŸ’•,92
1201,Can you help me with this task?,4
1202,"That's so real, fr fr.",26
1203,"I'm not gonna lie, you're pretty cool. ğŸ˜‰",58
1204,I'm so glad we're talking. âœ¨,41
1205,That was a great presentation,32
1206,I'm falling for you hard,94
1207,We have so much in common,59
1208,You make everything better when you're around,84
1209,You're the prettiest girl in the room,95
1210,Let's go for coffee sometime â˜•,67
1211,Can you send me the report by tonight?,5
1212,"I'm dead, that's so funny ğŸ˜‚ğŸ’€",22
1213,"I'm head over heels for you, no cap.",96
1214,I stan your work ethic.,40
1215,I think about you all the time,96
1216,You're so photogenic,76
1217,"You have so much rizz, it's not fair.",82
1218,I'd love to spend more time with you â¤ï¸,91
1219,You have such beautiful features,72
1220,You brighten up the room,51
1221,Thanks for the reminder,15
1222,I enjoy our conversations,23
1223,Thanks for the reminder,10
1224,"You have so much rizz, it's not fair.",80
1225,I can't get over how good you look.,86
1226,Please confirm your attendance,9
1227,You're so photogenic,73
1228,You have such pretty hair,84
1229,I need the files by Friday,1
1230,That dress suits you so well,76
1231,Want to try that new restaurant?,44
1232,Please review the attached document,5
1233,You're very insightful,25
1234,You look amazing in that dress,81
1235,Just thinking about you makes me smile like a clown.,91
1236,Let's grab a coffee or something sometime. No cap.,69
1237,I admire how talented you are,55
1238,You're drop-dead gorgeous ğŸ˜,99
1239,You're such a sweetheart ğŸ’•,96
1240,"I'm not even trying to rizz you up, but you're a vibe.",52
1241,You're really talented,25
1242,I'm lowkey obsessed with you.,80
1243,We have so much in common,51
1244,Hope you're having a good week,33
1245,You looked fire ğŸ”¥ today,86
1246,"You're my favorite person to stalk... I mean, talk to. ğŸ˜‰",93
1247,You take my breath away,96
1248,You're so photogenic,76
1249,Let me know if you need any clarification,12
1250,"You're my favorite person to stalk... I mean, talk to. ğŸ˜‰",96
1251,You're giving me all the feels. â¤ï¸,74
1252,That outfit is ğŸ”¥ğŸ”¥ğŸ”¥,96
1253,Can you send me the report by tonight?,6
1254,That joke cracked me up haha,18
1255,"That was a whole mood, lol.",22
1256,You have the prettiest eyes,87
1257,You're such a good friend,37
1258,That outfit is ğŸ”¥ğŸ”¥ğŸ”¥,99
1259,You're absolutely radiant,74
1260,I love your positive energy,34
1261,You always make me laugh,44
1262,You're really easy to talk to,46
1263,You're absolutely radiant,74
1264,Let's grab a coffee or something sometime. No cap.,48
1265,Can't believe I found someone as perfect as you.,93
1266,I keep thinking about you ğŸ˜˜,93
1267,You're a whole W in my book.,45
1268,You make work more enjoyable,54
1269,Can you help me with this task?,11
1270,"My hands are full, can I borrow your mouth? Just kidding. Unless...?",93
1271,Don't forget about tomorrow's meeting,15
1272,You take my breath away,92
1273,Can't believe I found someone as perfect as you.,93
1274,You make me feel so special,94
1275,I had fun hanging out with you,62
1276,I enjoy our conversations,39
1277,You've got the most beautiful smile ğŸ˜Š,85
1278,What time is the presentation?,9
1279,You have the most beautiful laugh,80
1280,"Stop making me blush, you're too cute.",71
1281,You're the girl of my dreams,91
1282,You look incredible today,89
1283,I always look forward to seeing you,52
1284,What's the vibe today? ğŸ˜Š,25
1285,The client wants to reschedule,9
1286,Thanks for the reminder,6
1287,I'm highkey excited to see you.,67
1288,You did really well on that project,19
1289,"On God, you're a good person.",30
1290,"Stop making me blush, you're too cute.",90
1291,The meeting has been moved to 3 PM,8
1292,"I hope this isn't a situationship, because I want you all to myself.",93
1293,Hope your day is going well!,17
1294,You look incredible today,85
1295,"Stop making me blush, you're too cute.",84
1296,I'd go delulu for you.,92
1297,You looked like a whole snack today.,45
1298,You're my sunshine â˜€ï¸,100
1299,I'm so lucky to know you â¤ï¸,95
1300,Let's discuss this in detail tomorrow,4
1301,"Stop making me blush, you're too cute.",85
1302,Want to try that new restaurant?,55
1303,"You're a whole snack, a whole meal, a whole buffet.",97
1304,Wanna grab lunch sometime?,43
1305,That color looks amazing on you,74
1306,The client wants to reschedule,1
1307,You're my favorite notification.,73
1308,Just thinking about you makes me smile like a clown.,94
1309,You always make me laugh,57
1310,You've got the most beautiful smile ğŸ˜Š,84
1311,You have such a warm personality,47
1312,I always look forward to seeing you,45
1313,I think about you when I'm bored. And when I'm not. ğŸ˜‰,77
1314,You're really talented,25
1315,Did you finish the homework?,12
1316,"I'm not even playing, you're a perfect 10.",83
1317,My day was mid until I saw your text.,67
1318,Can you double-check these numbers?,11
1319,"Hey, how are you doing?",30
1320,This convo is lowkey a good vibe.,39
1321,That's so thoughtful of you,32
1322,Please review the attached document,12
1323,Let's discuss this in detail tomorrow,11
1324,You're giving main character energy.,51
1325,I'm highkey excited to see you.,61
1326,"I'm lowkey catching feelings, lol.",67
1327,Can you double-check these numbers?,3
1328,"You're my favorite person to stalk... I mean, talk to. ğŸ˜‰",93
1329,"I hope this isn't a situationship, because I want you all to myself.",94
1330,That outfit is ğŸ”¥ğŸ”¥ğŸ”¥,99
1331,You have such pretty hair,81
1332,Just dropping in to say hey! ğŸ‘‹,23
1333,You're the reason I'm so happy,96
1334,"You have so much rizz, it's not fair.",77
1335,"You're my favorite person to stalk... I mean, talk to. ğŸ˜‰",96
1336,You're such a sweetheart ğŸ’•,94
1337,Wanna grab a drink tonight?,46
1338,That's so thoughtful of you,21
1339,"I'm on a no-rizz streak, but you're making it hard.",52
1340,I need the files by Friday,2
1341,"You have so much rizz, it's not fair.",72
1342,You're absolutely radiant,79
1343,What time is the presentation?,12
1344,I'm so lucky to know you â¤ï¸,92
1345,"I'm not even playing, you're a perfect 10.",79
1346,You're my favorite person â¤ï¸,96
1347,"Just saying, you're not like everyone else.",65
1348,You're a whole mood and a whole snack.,78
1349,"If you're ever free, I'm dtf... to define the relationship. ğŸ˜‰",81
1350,The deadline is approaching,14
1351,"On God, you're a good person.",27
1352,"On God, you're a good person.",29
1353,What's your favorite movie?,16
1354,You have the prettiest eyes,75
1355,You're really easy to talk to,49
1356,You're giving me all the feels. â¤ï¸,81
1357,You take my breath away,94
1358,You make my heart skip a beat,95
1359,Let me know if you need any clarification,3
1360,You look amazing in that dress,71
1361,Lowkey been thinking about that convo we had.,56
1362,Can you double-check these numbers?,15
1363,Let's discuss this in detail tomorrow,7
1364,I'm crazy about you ğŸ˜,99
1365,"I'm not even trying to rizz you up, but you're a vibe.",55
1366,You're really fun to be around,61
1367,The client wants to reschedule,7
1368,You're absolutely divine,97
1369,Want to try that new restaurant?,50
1370,You always make me laugh,56
1371,You have a mad good aura.,48
1372,You look stunning as always,78
1373,Your smile is contagious,85
1374,Let's go for coffee sometime â˜•,65
1375,"My hands are full, can I borrow your mouth? Just kidding. Unless...?",96
1376,You make my heart race every time I see you,93
1377,What's the status on that assignment?,14
1378,Let's grab a coffee or something sometime. No cap.,64
1379,You're really easy to talk to,45
1380,What's the status on that assignment?,13
1381,Let's hang out soon,47
1382,I appreciate your advice,39
1383,Wanna grab a drink tonight?,48
1384,"I hope this isn't a situationship, because I want you all to myself.",95
1385,You're the girl of my dreams,95
1386,What time is the presentation?,15
1387,I appreciate your advice,39
1388,You have the prettiest eyes,79
1389,You looked really cute today,79
1390,Let me know if you need any clarification,13
1391,"Every time you text me, my phone does a happy dance.",74
1392,Just thinking about you makes me smile like a clown.,92
1393,"Your smile hits different, for real.",79
1394,That's so thoughtful of you,21
1395,I'm lowkey obsessed with you.,81
1396,You take my breath away,93
1397,You're everything I've been looking for,95
1398,"I'm not gonna lie, you're pretty cool. ğŸ˜‰",56
1399,You looked really cute today,73
1400,What's the status on that assignment?,0
1401,The client wants to reschedule,8
1402,"If you're ever free, I'm dtf... to define the relationship. ğŸ˜‰",72
1403,You're everything I've been looking for,93
1404,I think I'm starting to like you a lot ğŸ’•,96
1405,I'm highkey excited to see you.,52
1406,Just dropping in to say hey! ğŸ‘‹,26
1407,Let's hang out soon,48
1408,I feel so comfortable around you,58
1409,"Stop making me blush, you're too cute.",82
1410,I love your positive energy,35
1411,Let's grab a coffee or something sometime. No cap.,45
1412,I had fun hanging out with you,43
1413,Let's grab a coffee or something sometime. No cap.,45
1414,That's a really good point,37
1415,I'm so lucky to know you â¤ï¸,91
1416,"I hope this isn't a situationship, because I want you all to myself.",94
1417,Can you help me with this task?,13
1418,Hope you're having a good week,25
1419,"On God, you're a good person.",36
1420,I had fun hanging out with you,62
1421,What's the status on that assignment?,0
1422,Let's go for coffee sometime â˜•,53
1423,"Hey gorgeous, what are you up to?",95
1424,That was a great presentation,23
1425,I think about you all the time,91
1426,The meeting has been moved to 3 PM,2
1427,I enjoy our conversations,20
1428,You make everything better when you're around,72
1429,I appreciate your advice,18
1430,Let's hang out soon,62
1431,You're the kind of person I want to text all day.,93
1432,Can you double-check these numbers?,3
1433,"You're not sus, you're just cool.",19
1434,Have you seen the latest updates?,7
1435,I can't stop smiling when I'm with you,74
1436,You're my favorite notification.,88
1437,Hope you're having a good week,35
1438,I feel so comfortable around you,66
1439,Your eyes are mesmerizing ğŸ‘€,96
1440,"I'm not even trying to rizz you up, but you're a vibe.",67
1441,You make my heart race every time I see you,91
1442,Can you help me with this task?,15
1443,The client wants to reschedule,12
1444,Can we schedule a call for next week?,1
1445,"I hope this isn't a situationship, because I want you all to myself.",95
1446,You're a whole mood and a whole snack.,84
1447,Your energy is a total W. âœ¨,34
1448,Have you seen the latest updates?,10
1449,Please review the attached document,13
1450,"You're not sus, you're just cool.",17
1451,I think about you when I'm bored. And when I'm not. ğŸ˜‰,86
1452,You're very insightful,30
1453,I'm lowkey obsessed with you.,79
1454,I'd go delulu for you.,93
1455,You brighten up the room,68
1456,You're a whole W in my book.,43
1457,I'm highkey excited to see you.,41
1458,You make everything better when you're around,71
1459,You have such beautiful features,78
1460,I can't stop smiling when I'm with you,85
1461,I'm falling for you hard,91
1462,Just thinking about you makes me smile like a clown.,96
1463,You're the girl of my dreams,96
1464,I really enjoy spending time with you,66
1465,I feel so comfortable around you,52
1466,You brighten up the room,55
1467,"My hands are full, can I borrow your mouth? Just kidding. Unless...?",92
1468,I'd go delulu for you.,95
1469,Let's go for coffee sometime â˜•,63
1470,Can you double-check these numbers?,8
1471,You look incredible today,74
1472,You look amazing in that dress,77
1473,"I'm not even playing, you're a perfect 10.",76
1474,You look incredible today,90
1475,"I'm simping hard for you, no cap.",91
1476,You make me feel so special,95
1477,I want to be your sneaky link and your forever link.,100
1478,You have a mad good aura.,53
1479,Can we schedule a call for next week?,7
1480,I stan your work ethic.,16
1481,Let's hang out soon,52
1482,Haha that was funny ğŸ˜‚,21
1483,I had fun hanging out with you,49
1484,I admire how talented you are,41
1485,You look incredible today,83
1486,Just thinking about you makes me smile like a clown.,94
1487,You're my favorite person â¤ï¸,94
1488,You have the prettiest eyes,72
1489,Looking at you makes my day better,75
1490,Thanks for being so helpful,40
1491,That was a great presentation,28
1492,"Just saying, you're not like everyone else.",67
1493,I can't stop smiling when I'm with you,82
1494,Thanks for being so helpful,28
1495,Lowkey glad we're on the same team.,30
1496,Let's hang out soon,67
1497,Can we work on the project together?,12
1498,Hope your day is going well!,29
1499,That dress suits you so well,77
1500,"Your body is a masterpiece, you're an artist.",93
1501,You always make me laugh,64
1502,Let's go for coffee sometime â˜•,69
1503,You make my heart race every time I see you,96
1504,We have so much in common,53
1505,We should do this more often,56
1506,You're absolutely divine,100
1507,You're my everything â¤ï¸ğŸ’•,99
1508,I can't get over how good you look.,84
1509,"You have so much rizz, it's not fair.",73
1510,Have you seen the latest updates?,5
1511,You're the prettiest girl in the room,97
1512,"I'm dead, that's so funny ğŸ˜‚ğŸ’€",34
1513,"If you're ever free, I'm dtf... to define the relationship. ğŸ˜‰",80
1514,You're a whole W in my book.,57
1515,You're perfect in every way,97
1516,You always make me laugh,51
1517,I can't get over how good you look.,79
1518,I love your positive energy,23
1519,I love your positive energy,24
1520,"You're a whole snack, a whole meal, a whole buffet.",97
1521,You're really talented,22
1522,"Your 'fit was fire today, no cap.",54
1523,I always look forward to seeing you,57
1524,What time is the presentation?,5
1525,I admire how talented you are,43
1526,You have the prettiest eyes,78
1527,I'm so glad I slid into your DMs. ğŸ˜‰,77
1528,I appreciate your advice,39
1529,You've got the most beautiful smile ğŸ˜Š,88
1530,"I'm dead, that's so funny ğŸ˜‚ğŸ’€",28
1531,Your smile is contagious,76
1532,You're very insightful,38
1533,You look stunning as always,75
1534,You looked fire ğŸ”¥ today,73
1535,I can't resist you,100
1536,You're my favorite person â¤ï¸,95
1537,"Thanks for the tea, spill it all! â˜•",39
1538,"Just saying, you're not like everyone else.",48
1539,"Just saying, you're not like everyone else.",43
1540,You're giving main character energy.,48
1541,"You're a whole snack, a whole meal, a whole buffet.",99
1542,You have great taste in music,69
1543,We should do this more often,55
1544,I'm so glad we're talking. âœ¨,60
1545,You have a great sense of humor,31
1546,"You're my biggest W, for real.",94
1547,Looking at you makes my day better,88
1548,You're such a sweetheart ğŸ’•,91
1549,"That's so real, fr fr.",35
1550,You have such beautiful features,85
1551,You have such a warm personality,58
1552,That's so thoughtful of you,21
1553,Looking at you makes my day better,78
1554,I can't get over how good you look.,78
1555,You brighten up the room,44
1556,"You're a whole snack, a whole meal, a whole buffet.",99
1557,You're giving me all the feels. â¤ï¸,82
1558,Let me know if you need any clarification,4
1559,You have the prettiest eyes,87
1560,You looked fire ğŸ”¥ today,73
1561,I love your positive energy,19
1562,Hope your day is bussin' ğŸ™Œ,39
1563,You have such pretty hair,89
1564,"On God, you're a good person.",34
1565,You're absolutely perfect ğŸ’•,100
1566,You're giving main character energy.,68
1567,What time is the presentation?,13
1568,"Hey, how are you doing?",17
1569,I enjoy our conversations,22
1570,"That was a whole mood, lol.",39
1571,That's so thoughtful of you,35
1572,"Good morning, hope you have a great day!",23
1573,The meeting has been moved to 3 PM,2
1574,I love your positive energy,22
1575,Let's go for coffee sometime â˜•,66
1576,I admire how talented you are,44
1577,I'm highkey excited to see you.,45
1578,I always look forward to seeing you,52
1579,"You have so much rizz, it's not fair.",88
1580,That outfit is ğŸ”¥ğŸ”¥ğŸ”¥,96
1581,"Every time you text me, my phone does a happy dance.",80
1582,"Your energy is so attractive, it's wild.",83
1583,You're the most beautiful woman I've ever seen,100
1584,The client wants to reschedule,13
1585,"Good morning, hope you have a great day!",29
1586,Can you help me with this task?,2
1587,"Your energy is so attractive, it's wild.",82
1588,I really enjoy spending time with you,61
1589,Can you double-check these numbers?,4
1590,Have you seen the latest updates?,6
1591,"Just saying, you're not like everyone else.",41
1592,Just thinking about you makes me smile like a clown.,92
1593,"I'm simping hard for you, no cap.",91
1594,Hope you're having a good week,39
1595,You make work more enjoyable,55
1596,"I'm on a no-rizz streak, but you're making it hard.",67
1597,That color looks amazing on you,77
1598,You're my favorite person â¤ï¸,96
1599,You look incredible today,73
1600,I'm so glad I slid into your DMs. ğŸ˜‰,76
1601,I'm so glad I slid into your DMs. ğŸ˜‰,79
1602,Let me know if you need any clarification,3
1603,You look incredible today,82
1604,The meeting has been moved to 3 PM,5
1605,You make my heart race every time I see you,94
1606,You have such pretty hair,85
1607,Just dropping in to say hey! ğŸ‘‹,25
1608,We should do this more often,54
1609,"Thanks for the tea, spill it all! â˜•",39
1610,"You have so much rizz, it's not fair.",88
1611,You're the best thing that happened to me â¤ï¸,99
1612,"Your body is a masterpiece, you're an artist.",93
1613,I feel so comfortable around you,62
1614,That joke cracked me up haha,18
1615,"Your 'fit was fire today, no cap.",66
1616,Your smile is contagious,86
1617,Hope your day is bussin' ğŸ™Œ,23
1618,Your energy is a total W. âœ¨,20
1619,Can you help me with this task?,5
1620,Let me know if you need any clarification,4
1621,Wanna grab a drink tonight?,48
1622,You always make me laugh,62
1623,"If you're ever free, I'm dtf... to define the relationship. ğŸ˜‰",84
1624,"You're not sus, you're just cool.",37
1625,I'd go delulu for you.,93
1626,I love your positive energy,37
1627,Please confirm your attendance,3
1628,Can we schedule a call for next week?,6
1629,Haha that was funny ğŸ˜‚,26
1630,You're absolutely radiant,72
1631,Please review the attached document,12
1632,You looked fire ğŸ”¥ today,89
1633,Wanna grab a drink tonight?,41
1634,You're absolutely perfect ğŸ’•,100
1635,Please review the attached document,8
1636,You're drop-dead gorgeous ğŸ˜,97
1637,Have you seen the latest updates?,10
1638,You make me feel so special,92
1639,You're my favorite person â¤ï¸,96
1640,"I'm not even trying to rizz you up, but you're a vibe.",51
1641,"You're not sus, you're just cool.",26
1642,That color looks amazing on you,71
1643,You're a whole W in my book.,44
1644,You're everything I've been looking for,91
1645,You brighten up the room,48
1646,Want to catch a movie this weekend?,62
1647,Please confirm your attendance,4
1648,You always make me laugh,47
1649,"I'm on a no-rizz streak, but you're making it hard.",52
1650,You're a whole W in my book.,59
1651,"That's a slay, no cap.",21
1652,"Your 'fit was fire today, no cap.",44
1653,I stan your work ethic.,24
1654,That was a great presentation,36
1655,I need the files by Friday,11
1656,Hope your day is going well!,31
1657,"Just saying, you're not like everyone else.",51
1658,"I'm lowkey catching feelings, lol.",48
1659,Can we work on the project together?,1
1660,You have a mad good aura.,57
1661,Just thinking about you makes me smile like a clown.,91
1662,"Your energy is so attractive, it's wild.",78
1663,You make work more enjoyable,54
1664,You're my favorite notification.,74
1665,Let's discuss this in detail tomorrow,4
1666,"Your smile hits different, for real.",71
1667,You're the prettiest girl in the room,98
1668,I think I'm starting to like you a lot ğŸ’•,93
1669,You're such a sweetheart ğŸ’•,92
1670,"That was a whole mood, lol.",37
1671,You're the girl of my dreams,94
1672,I can't get you out of my mind,93
1673,You're absolutely radiant,73
1674,"You're my favorite person to stalk... I mean, talk to. ğŸ˜‰",94
1675,I can't get over how good you look.,85
1676,"That was a whole mood, lol.",28
1677,I can't get you out of my mind,92
1678,You're really easy to talk to,61
1679,You're such a sweetheart ğŸ’•,96
1680,The meeting has been moved to 3 PM,4
1681,You looked fire ğŸ”¥ today,76
1682,"Stop making me blush, you're too cute.",82
1683,"You're my everything, periodt. â¤ï¸",99
1684,We should do this more often,47
1685,Have you seen the latest updates?,8
1686,Your eyes are mesmerizing ğŸ‘€,94
1687,I had fun hanging out with you,63
1688,You're giving me all the feels. â¤ï¸,87
1689,I keep thinking about you ğŸ˜˜,91
1690,"I'm not even trying to rizz you up, but you're a vibe.",70
1691,"Wow, you're absolutely gorgeous ğŸ˜",95
1692,"I'm not trying to be delulu, but I think you're stunning.",72
1693,You're everything I've been looking for,92
1694,I'm lowkey obsessed with you.,76
1695,You looked like a whole snack today.,55
1696,You're giving me all the feels. â¤ï¸,82
1697,"Stop making me blush, you're too cute.",82
1698,"I'm not even playing, you're a perfect 10.",75
1699,Wanna watch a movie at my place?,87
1700,That dress suits you so well,73
1701,That was a great presentation,19
1702,We have so much in common,51
1703,Wanna grab lunch sometime?,50
1704,"On God, you're a good person.",36
1705,You're a goddess ğŸ‘‘,98
1706,You make work more enjoyable,64
1707,You have the most beautiful laugh,81
1708,I admire how talented you are,49
1709,"I'm not gonna lie, you're pretty cool. ğŸ˜‰",70
1710,You looked like a whole snack today.,51
1711,"You're my favorite person to stalk... I mean, talk to. ğŸ˜‰",95
1712,Let's go for coffee sometime â˜•,57
1713,I'd love to spend more time with you â¤ï¸,92
1714,"Wow, you're absolutely gorgeous ğŸ˜",94
1715,You're really fun to be around,60
1716,"I'm simping hard for you, no cap.",93
1717,"If you're ever free, I'm dtf... to define the relationship. ğŸ˜‰",83
1718,You have a mad good aura.,70
1719,You looked so hot yesterday ğŸ”¥,99
1720,I want to be your sneaky link and your forever link.,99
1721,Can we schedule a call for next week?,10
1722,You're giving main character energy.,54
1723,That's so thoughtful of you,34
1724,You have such a warm personality,41
1725,Can you send me the report by tonight?,9
1726,Wanna grab lunch sometime?,61
1727,I think about you when I'm bored. And when I'm not. ğŸ˜‰,79
1728,You're the girl of my dreams,91
1729,"You have so much rizz, it's not fair.",71
1730,The deadline is approaching,12
1731,"Good morning, hope you have a great day!",38
1732,Lowkey glad we're on the same team.,24
1733,You're a goddess ğŸ‘‘,97
1734,Please review the attached document,4
1735,You're so cute when you laugh,76
1736,"Wow, you're absolutely gorgeous ğŸ˜",91
1737,I'm falling for you hard,95
1738,You're so photogenic,71
1739,Thanks for the reminder,4
1740,Hope you're having a good week,31
1741,Did you get my email?,10
1742,You have such pretty hair,87
1743,I love your positive energy,28
1744,You're absolutely divine,99
1745,That color looks amazing on you,76
1746,You have a great sense of humor,31
1747,You looked fire ğŸ”¥ today,86
1748,I appreciate your advice,26
1749,"Your 'fit was fire today, no cap.",47
1750,"Good morning, hope you have a great day!",34
1751,You're really fun to be around,41
1752,Please confirm your attendance,11
1753,"Your energy is so attractive, it's wild.",90
1754,You have such pretty hair,71
1755,"You're my favorite person to stalk... I mean, talk to. ğŸ˜‰",96
1756,You did really well on that project,17
1757,I'd go delulu for you.,92
1758,Your smile is contagious,72
1759,"You're my favorite person to stalk... I mean, talk to. ğŸ˜‰",95
1760,"Your energy is so attractive, it's wild.",75
1761,You're driving me crazy in the best way,100
1762,That color looks amazing on you,72
1763,You look incredible today,85
1764,"Good morning, hope you have a great day!",34
1765,I always look forward to seeing you,61
1766,You brighten up the room,70
1767,You're really easy to talk to,53
1768,Thanks for helping me out,20
1769,"I'm not even trying to rizz you up, but you're a vibe.",63
1770,Thanks for the reminder,13
1771,Your eyes are mesmerizing ğŸ‘€,93
1772,"I'm not even trying to rizz you up, but you're a vibe.",63
1773,I'd love to spend more time with you â¤ï¸,92
1774,"Thanks for the tea, spill it all! â˜•",32
1775,The meeting has been moved to 3 PM,15
1776,Can you help me with this task?,3
1777,I'm addicted to you and I'm not looking for a cure.,97
1778,You looked so hot yesterday ğŸ”¥,97
1779,"I'm not even trying to rizz you up, but you're a vibe.",70
1780,I enjoy our conversations,39
1781,This convo is lowkey a good vibe.,23
1782,I love your positive energy,32
1783,You looked like a whole snack today.,50
1784,We should do this more often,49
1785,You're giving main character energy.,56
1786,"I hope this isn't a situationship, because I want you all to myself.",93
1787,Thanks for helping me out,22
1788,Let's go for coffee sometime â˜•,49
1789,Let's discuss this in detail tomorrow,4
1790,Let's hang out soon,56
1791,Let's hang out soon,59
1792,You're very insightful,40
1793,You make me feel so special,95
1794,"I'm not trying to be delulu, but I think you're stunning.",75
1795,Hope you're having a good week,25
1796,Want to catch a movie this weekend?,66
1797,I need the files by Friday,12
1798,You're so cute when you laugh,76
1799,"You're my everything, periodt. â¤ï¸",98
1800,I enjoy our conversations,22
1801,Just thinking about you makes me smile like a clown.,92
1802,Let me know if you need any clarification,15
1803,The meeting has been moved to 3 PM,13
1804,Can you help me with this task?,13
1805,"Wow, you're absolutely gorgeous ğŸ˜",91
1806,You have great taste in music,62
1807,You're the best thing that happened to me â¤ï¸,100
1808,"That's so real, fr fr.",24
1809,You have a mad good aura.,42
1810,The deadline is approaching,0
1811,That was a great presentation,18
1812,This convo is lowkey a good vibe.,32
1813,You've got the most beautiful smile ğŸ˜Š,90
1814,Did you get my email?,1
1815,Thanks for the reminder,1
1816,You're the girl of my dreams,96
1817,I had fun hanging out with you,46
1818,Don't forget about tomorrow's meeting,13
1819,We have so much in common,61
1820,You're giving me all the feels. â¤ï¸,72
1821,I enjoy our conversations,17
1822,"Your 'fit was fire today, no cap.",70
1823,I appreciate your advice,37
1824,You looked fire ğŸ”¥ today,79
1825,Your eyes are mesmerizing ğŸ‘€,92
1826,I stan your work ethic.,17
1827,Let me know if you need any clarification,11
1828,You have such a warm personality,52
1829,"Stop making me blush, you're too cute.",76
1830,I can't stop smiling when I'm with you,75
1831,My day was mid until I saw your text.,65
1832,"That's a slay, no cap.",21
1833,Just dropping in to say hey! ğŸ‘‹,39
1834,Can you send me the report by tonight?,9
1835,"I'm not even playing, you're a perfect 10.",75
1836,You look incredible today,73
1837,You're really talented,24
1838,You're the girl of my dreams,91
1839,"I'm on a no-rizz streak, but you're making it hard.",45
1840,What's the vibe today? ğŸ˜Š,21
1841,You're really talented,38
1842,We have so much in common,60
1843,That color looks amazing on you,78
1844,You have such beautiful features,71
1845,This convo is lowkey a good vibe.,32
1846,Can't believe I found someone as perfect as you.,94
1847,You have great taste in music,58
1848,You're giving me all the feels. â¤ï¸,73
1849,Thanks for helping me out,23
1850,I'm highkey excited to see you.,70
1851,I'm falling for you hard,93
1852,Your smile is contagious,81
1853,Hope your day is bussin' ğŸ™Œ,32
1854,"Hey, how are you doing?",29
1855,"You're my biggest W, for real.",96
1856,Wanna grab a drink tonight?,62
1857,You're so photogenic,77
1858,You look amazing in that dress,84
1859,"Good morning, hope you have a great day!",34
1860,Let's hang out soon,62
1861,I admire how talented you are,48
1862,You always make me laugh,69
1863,You always make me laugh,64
1864,I'm so glad I slid into your DMs. ğŸ˜‰,88
1865,Lowkey glad we're on the same team.,27
1866,I'm completely smitten with you ğŸ’•,94
1867,"You're my biggest W, for real.",91
1868,What time is the presentation?,9
1869,You make me feel so special,93
1870,Let's hang out soon,51
1871,You have a great sense of humor,23
1872,You have such a warm personality,49
1873,Just dropping in to say hey! ğŸ‘‹,31
1874,"Your 'fit was fire today, no cap.",66
1875,"That was a whole mood, lol.",29
1876,Lowkey been thinking about that convo we had.,51
1877,Can we schedule a call for next week?,4
1878,"That's a slay, no cap.",26
1879,Lowkey glad we're on the same team.,26
1880,You looked fire ğŸ”¥ today,87
1881,You're really easy to talk to,55
1882,"My hands are full, can I borrow your mouth? Just kidding. Unless...?",92
1883,I love your positive energy,24
1884,You looked fire ğŸ”¥ today,72
1885,Let's hang out soon,60
1886,I think about you when I'm bored. And when I'm not. ğŸ˜‰,79
1887,You're very insightful,29
1888,I admire how talented you are,57
1889,You're drop-dead gorgeous ğŸ˜,97
1890,I think I'm starting to like you a lot ğŸ’•,92
1891,You're my everything â¤ï¸ğŸ’•,96
1892,Can you help me with this task?,12
1893,Have you seen the latest updates?,13
1894,"I'm not even trying to rizz you up, but you're a vibe.",52
1895,"You're my everything, periodt. â¤ï¸",100
1896,You always make me laugh,63
1897,You look amazing in that dress,86
1898,You make work more enjoyable,69
1899,This convo is lowkey a good vibe.,17
1900,"My hands are full, can I borrow your mouth? Just kidding. Unless...?",94
1901,Let's hang out soon,45
1902,"Just saying, you're not like everyone else.",59
1903,You're a whole mood and a whole snack.,75
1904,You're a goddess ğŸ‘‘,100
1905,I had fun hanging out with you,54
1906,I stan your work ethic.,26
1907,You looked really cute today,81
1908,"I'm not trying to be delulu, but I think you're stunning.",72
1909,Can't believe I found someone as perfect as you.,92
1910,You're the girl of my dreams,94
1911,You're a whole W in my book.,57
1912,Looking at you makes my day better,73
1913,"I'm not gonna lie, you're pretty cool. ğŸ˜‰",59
1914,Can you send me the report by tonight?,4
1915,"You're a whole snack, a whole meal, a whole buffet.",98
1916,We should do this more often,48
1917,I can't stop smiling when I'm with you,74
1918,You have the most beautiful laugh,71
1919,Let me know if you need any clarification,1
1920,You looked like a whole snack today.,50
1921,Let me know if you need any clarification,15
1922,Lowkey been thinking about that convo we had.,45
1923,You make work more enjoyable,70
1924,Did you finish the homework?,3
1925,You're giving me all the feels. â¤ï¸,76
1926,You're the girl of my dreams,92
1927,"You're not sus, you're just cool.",31
1928,You have a mad good aura.,43
1929,You're not giving basic at all.,24
1930,I really enjoy spending time with you,54
1931,Have you seen the latest updates?,0
1932,You take my breath away,95
1933,"I'm not gonna lie, you're pretty cool. ğŸ˜‰",66
1934,Can you help me with this task?,10
1935,I feel so comfortable around you,57
1936,I'd love to spend more time with you â¤ï¸,96
1937,Thanks for being so helpful,31
1938,I worship the ground you walk on,97
1939,You're giving main character energy.,49
1940,We should do this more often,70
1941,Please review the attached document,11
1942,I'm highkey excited to see you.,43
1943,What time is the presentation?,1
1944,"Thanks for the tea, spill it all! â˜•",23
1945,Let's discuss this in detail tomorrow,4
1946,"Your 'fit was fire today, no cap.",48
1947,Want to try that new restaurant?,66
1948,Please confirm your attendance,13
1949,Hope you're having a good week,20
1950,You looked like a whole snack today.,50
1951,Don't forget about tomorrow's meeting,0
1952,You're everything I've been looking for,96
1953,Want to try that new restaurant?,65
1954,Please review the attached document,11
1955,"I'm not even trying to rizz you up, but you're a vibe.",63
1956,You're a whole mood and a whole snack.,86
1957,The client wants to reschedule,9
1958,I really enjoy spending time with you,68
1959,"I'm not even trying to rizz you up, but you're a vibe.",67
1960,Let's go for coffee sometime â˜•,56
1961,"I'm not even playing, you're a perfect 10.",88
1962,I'd love to spend more time with you â¤ï¸,94
1963,You looked fire ğŸ”¥ today,85
1964,"Good morning, hope you have a great day!",38
1965,I'd go delulu for you.,92
1966,The client wants to reschedule,10
1967,I'd go delulu for you.,95
1968,You make work more enjoyable,65
1969,"That's a slay, no cap.",24
1970,You're such a good friend,24
1971,Lowkey been thinking about that convo we had.,53
1972,Thanks for being so helpful,39
1973,You have great taste in music,41
1974,I stan your work ethic.,24
1975,Lowkey glad we're on the same team.,36
1976,I feel so comfortable around you,44
1977,"Wow, you're absolutely gorgeous ğŸ˜",94
1978,You brighten up the room,61
1979,"If you were a test, I'd fail and still get a W because you're mine.",99
1980,That was a great presentation,30
1981,That color looks amazing on you,87
1982,What's the vibe today? ğŸ˜Š,24
1983,"You're a whole snack, a whole meal, a whole buffet.",100
1984,I'd go delulu for you.,93
1985,I think about you when I'm bored. And when I'm not. ğŸ˜‰,80
1986,I'm falling for you hard,94
1987,I'm lowkey obsessed with you.,71
1988,What's the status on that assignment?,3
1989,Let's go for coffee sometime â˜•,59
1990,I really enjoy spending time with you,52
1991,Let's go for coffee sometime â˜•,45
1992,I'd go delulu for you.,95
1993,You're a whole W in my book.,67
1994,"Your smile hits different, for real.",90
1995,You're a whole W in my book.,60
1996,You're irresistible ğŸ˜˜,98
1997,My day was mid until I saw your text.,66
1998,Please review the attached document,9
1999,"I'm on a no-rizz streak, but you're making it hard.",61
2000,You did really well on that project,20
2001,Send nudes,96
2002,sexy,90
2003,weather is so hot,
